pass,n_pairs,n_left_unique,n_right_unique,gold_hits,gold_total,gold_recall,pairs_per_gold_hit
BC_exact_npi,85539,85539,85539,85539,85539,1.0,1.0
BA_exact_npi,3345,3345,3345,3345,3345,1.0,1.0
BA_sorted_neighborhood,12019,8877,7410,3151,3345,0.9420029895366219,3.8143446524912727
BA_lsh_minhash_state_name,25781,10236,7858,3134,3345,0.9369207772795217,8.226228462029356
BA_canopy_state_name,3524,3488,3442,3133,3345,0.9366218236173394,1.1248005106926269
BC_state_lastkey,4060158,96648,675957,76651,85539,0.8960941792632601,52.96940679182268
BC_sorted_neighborhood,337524,86870,222494,76383,85539,0.8929611054606671,4.418836652134638
BA_state_zip,1906541,93869,51651,2602,3345,0.7778774289985052,732.7213681783244
BA_state_city,0,0,0,0,3345,0.0,
